"DESCRIPTION","DURATION IN MS","NAME","PARENT SUITE","START TIME","STATUS","STOP TIME","SUB SUITE","SUITE","TEST CLASS","TEST METHOD"
"","8397","login to application 2","webkit","2026-09-20","passed","2026-09-20","","smoke\different_users.spec.js","",""
"","12276","login to application 3","chromium","2026-09-20","passed","2026-09-20","datadriven","smoke\different_users.spec.js","",""
"","7452","login to application 1","webkit","2026-09-20","passed","2026-09-20","","smoke\different_users.spec.js","",""
"","7657","login to application 2","webkit","2026-09-20","passed","2026-09-20","datadriven","smoke\different_users.spec.js","",""
"","6377","login to application 3","webkit","2026-09-20","passed","2026-09-20","","smoke\different_users.spec.js","",""
"","11305","login to application 2","chromium","2026-09-20","passed","2026-09-20","datadriven","smoke\different_users.spec.js","",""
"","5938","login to application 4","webkit","2026-09-20","passed","2026-09-20","","smoke\different_users.spec.js","",""
"","19968","login to application 3","firefox","2026-09-20","passed","2026-09-20","datadriven","smoke\different_users.spec.js","",""
"","7427","login to application 3","webkit","2026-09-20","passed","2026-09-20","datadriven","smoke\different_users.spec.js","",""
"","7754","login to application 4","webkit","2026-09-20","passed","2026-09-20","datadriven","smoke\different_users.spec.js","",""
"","11836","login to application 1","chromium","2026-09-20","passed","2026-09-20","datadriven","smoke\different_users.spec.js","",""
"","13271","login to application 2","chromium","2026-09-20","passed","2026-09-20","","smoke\different_users.spec.js","",""
"","8745","login to application 1","webkit","2026-09-20","passed","2026-09-20","datadriven","smoke\different_users.spec.js","",""
"","11479","login to application 4","chromium","2026-09-20","passed","2026-09-20","datadriven","smoke\different_users.spec.js","",""
"","11391","login to application 1","firefox","2026-09-20","passed","2026-09-20","","smoke\different_users.spec.js","",""
"","21246","login to application 1","firefox","2026-09-20","passed","2026-09-20","datadriven","smoke\different_users.spec.js","",""
"","4247","login to application","firefox","2026-09-20","passed","2026-09-20","Login test","smoke\login.spec.js","",""
"","1941","login to application","chromium","2026-09-20","passed","2026-09-20","Login test","smoke\login.spec.js","",""
"","13388","login to application 3","chromium","2026-09-20","passed","2026-09-20","","smoke\different_users.spec.js","",""
"","21866","login to application 4","firefox","2026-09-20","passed","2026-09-20","datadriven","smoke\different_users.spec.js","",""
"","20053","login to application 2","firefox","2026-09-20","passed","2026-09-20","datadriven","smoke\different_users.spec.js","",""
"","38005","login to application","chromium","2026-09-20","broken","2026-09-20","","smoke\login.spec.js","",""
"","30813","login to application","firefox","2026-09-20","broken","2026-09-20","","smoke\login.spec.js","",""
"","13237","login to application 4","chromium","2026-09-20","passed","2026-09-20","","smoke\different_users.spec.js","",""
"","6639","login to application 2","firefox","2026-09-20","passed","2026-09-20","","smoke\different_users.spec.js","",""
"","6864","login to application","webkit","2026-09-20","passed","2026-09-20","Login test","smoke\login.spec.js","",""
"","33641","login to application","webkit","2026-09-20","broken","2026-09-20","","smoke\login.spec.js","",""
"","13379","login to application 3","firefox","2026-09-20","passed","2026-09-20","","smoke\different_users.spec.js","",""
"","13470","login to application 1","chromium","2026-09-20","passed","2026-09-20","","smoke\different_users.spec.js","",""
"","9964","login to application 4","firefox","2026-09-20","passed","2026-09-20","","smoke\different_users.spec.js","",""
